{"VA": {"VA": 0.026666666666666644, "VT": 0.08666666666666664, "VC": 0.38666666666666655, "LA": 0.38666666666666655, "LT": 0.026666666666666644, "LC": 0.08666666666666661}, "VT": {"VA": 0.40666666666666657, "VT": 0.04666666666666665, "VC": 0.04666666666666665, "LA": 0.04666666666666665, "LT": 0.40666666666666657, "LC": 0.04666666666666665}, "VC": {"VA": 0.06666666666666668, "VT": 0.4266666666666665, "VC": 0.006666666666666642, "LA": 0.006666666666666642, "LT": 0.006666666666666642, "LC": 0.4866666666666665}, "LA": {"VA": 0.026666666666666644, "VT": 0.32666666666666655, "VC": 0.026666666666666644, "LA": 0.08666666666666664, "LT": 0.08666666666666661, "LC": 0.44666666666666655}, "LT": {"VA": 0.0, "VT": 0.0, "VC": 0.5366666666666665, "LA": 0.4766666666666665, "LT": 0.0, "LC": 0.0}, "LC": {"VA": 0.4166666666666665, "VT": 0.0, "VC": 0.05666666666666665, "LA": 0.0, "LT": 0.4166666666666665, "LC": 0.1166666666666666}}